{"before": {"ll": [-0.9153901013719683, -1.7218335240810267, -0.05141020844404567, -0.36485113522290946, -0.5936456896316424], "meu": [1722313.8158882717, -2756263.244346315, 42.582734183407034, -208.351, 54.9416526618876], "data": ["Export_Textiles", "Powerplant_Airpollution", "HIV_Screening", "Computer_Diagnostician", "Test_Strep"], "rewards": [], "reward_dev": []}, "after": {"ll": [-0.9153901013719689, -1.7218335240810274, -0.0514103094905385, -0.3648511352229096, -0.6222720187508859], "meu": [1722313.8158882714, -2756263.244346314, 42.582735401115436, -208.35100000000003, 54.9416526618876], "data": [], "rewards": [], "reward_dev": []}}