{"before": {"ll": [-1.2114059879831935, -1.2072318510572404, -1.2114059879831935, -1.201922547325704, -1.1952001218337132, -0.9232444747016278, -0.5654035184166007, -3.8972661880351653, -0.8708677705317269, -0.8708677705317269, -0.9673725658448774, -0.8708677705317269, -0.38395583824071705, -0.38395583824071705, -0.05141020844404567, -0.38395583824071705, -1.7420611837205586, -0.38395583824071705, -1.9333691175610022, -0.36485113522290946, -3.583438941655939, -0.36485113522290946, -0.36485113522290946, -0.36485113522290946, -0.9196309448226666, -1.2196802496328856, -0.510757420170396, -1.2196802496328856, -3.11686939019146, -0.5149861798747442], "meu": [1722313.8158882717, 1722313.8158882717, 1722313.8158882717, 1722313.8158882717, 1722313.8158882717, 1722313.8158882717, -2756263.244346315, -2756263.244346315, -2756263.244346315, -2756263.244346315, -2756263.244346315, -2756263.244346315, 42.582734183407034, 42.582734183407034, 42.582734183407034, 42.582734183407034, 42.582734183407034, 42.582734183407034, -208.351, -208.351, -208.351, -208.351, -208.351, -208.351, 54.9416526618876, 54.9416526618876, 54.9416526618876, 54.9416526618876, 54.9416526618876, 54.9416526618876]}, "after": {"ll": [-1.2114059879831929, -1.2072318510572397, -1.2114059879831929, -1.2019225473257031, -1.1952001218337125, -0.9232444747016286, -0.5654035184166014, -3.897266188035165, -0.8708677705317269, -0.8708677705317269, -0.9673725658448774, -0.8708677705317269, -0.3839558757317502, -0.3839558757317502, -0.0514103094905385, -0.3839558757317502, -1.742059989237287, -0.3839558757317502, -1.9333691175610026, -0.3648511352229096, -3.58343894165594, -0.3648511352229096, -0.3648511352229096, -0.3648511352229096, -0.919630944822667, -1.2196802496328851, -0.5107574201703957, -1.2196802496328851, -2.8141354824492737, -0.5149861798747437], "meu": [1722313.8158882714, 1722313.8158882714, 1722313.8158882714, 1722313.8158882714, 1722313.8158882714, 1722313.8158882714, -2756263.244346314, -2756263.244346314, -2756263.244346314, -2756263.244346314, -2756263.244346314, -2756263.244346314, 42.582735401115436, 42.582735401115436, 42.582735401115436, 42.582735401115436, 42.582735401115436, 42.582735401115436, -208.35100000000003, -208.35100000000003, -208.35100000000003, -208.35100000000003, -208.35100000000003, -208.35100000000003, 54.9416526618876, 54.9416526618876, 54.9416526618876, 54.9416526618876, 54.9416526618876, 54.9416526618876]}}