{"before": {"ll": [-1.1874646948559295, -1.2114059879831935, -1.2114059879831935, -0.9232444747016278, -0.9156032103620269, -1.1952001218337132, -0.966098734452394, -0.8667401795815244, -0.5636608334332681, -0.8708677705317269, -1.2745795029433362, -1.2744910928919606, -2.9987151966898624, -0.05141020844404567, -0.37537807626062203, -0.05069327408865305, -0.05069327408865305, -0.05069327408865305, -1.9333691175610022, -2.015453171847746, -0.36485113522290946, -0.36485113522290946, -0.36485113522290946, -2.015453171847746, -0.510757420170396, -3.11686939019146, -0.5149861798747442, -0.9196309448226666, -0.510757420170396, -0.5149861798747442], "meu": [1722313.8158882717, 1722313.8158882717, 1722313.8158882717, 1722313.8158882717, 1722313.8158882717, 1722313.8158882717, -2756263.244346315, -2756263.244346315, -2756263.244346315, -2756263.244346315, -2756263.244346315, -2756263.244346315, 42.582734183407034, 42.582734183407034, 42.582734183407034, 42.582734183407034, 42.582734183407034, 42.582734183407034, -208.351, -208.351, -208.351, -208.351, -208.351, -208.351, 54.9416526618876, 54.9416526618876, 54.9416526618876, 54.9416526618876, 54.9416526618876, 54.9416526618876], "data": ["Export_Textiles", "Export_Textiles", "Export_Textiles", "Export_Textiles", "Export_Textiles", "Export_Textiles", "Powerplant_Airpollution", "Powerplant_Airpollution", "Powerplant_Airpollution", "Powerplant_Airpollution", "Powerplant_Airpollution", "Powerplant_Airpollution", "HIV_Screening", "HIV_Screening", "HIV_Screening", "HIV_Screening", "HIV_Screening", "HIV_Screening", "Computer_Diagnostician", "Computer_Diagnostician", "Computer_Diagnostician", "Computer_Diagnostician", "Computer_Diagnostician", "Computer_Diagnostician", "Test_Strep", "Test_Strep", "Test_Strep", "Test_Strep", "Test_Strep", "Test_Strep"], "rewards": [1722627.043, 1722261.3630000001, 1721537.9840000002, 1722450.8110000002, 1721137.9440000001, 1722796.1939999997, -2762043.0, -2762579.0, -2761202.0, -2757126.0, -2757422.0, -2762454.0, 42.57506653999263, 42.56037619999265, 42.57385765999261, 42.55037549999266, 42.56613715999266, 42.54550093999267, -210.14685, -210.108, -210.1769, -210.05765, -210.2184, -209.96169999999998, 54.91247847600897, 54.91717069200899, 54.91701379200899, 54.91455871200899, 54.91619018400902, 54.91800201600901], "reward_dev": [3847.7760604894693, 4575.245132755877, 4243.2575207373575, 4635.041729176146, 4566.677759040381, 4407.976725416541, 9827.707057091191, 8925.902419363545, 7617.620757165586, 9783.737731562514, 6648.824407367065, 9932.224524244304, 0.057366808220234086, 0.06247780393496521, 0.05283519049527799, 0.05341315011004071, 0.054323784457940595, 0.03869714416576303, 0.41900315034615393, 0.34989819948093587, 0.3202704169916425, 0.39111496391725803, 0.33927984761844887, 0.31617279294714606, 0.011429431934208013, 0.014109678745282897, 0.011089214533779488, 0.013612781534124447, 0.009720453614765808, 0.010644308068661222]}, "after": {"ll": [-1.1874646948559293, -1.2114059879831929, -1.2114059879831929, -0.9232444747016286, -0.9156032103620272, -1.1952001218337125, -0.9660987344523932, -0.866740179581525, -0.5636608334332681, -0.8708677705317269, -1.2745795029433362, -1.27449109289196, -2.9987151966898615, -0.0514103094905385, -0.37537760673937814, -0.050693274088652936, -0.050693274088652936, -0.050693274088652936, -1.9333691175610026, -2.0154531718477453, -0.3648511352229096, -0.3648511352229096, -0.3648511352229096, -2.0154531718477453, -0.5107574201703957, -2.8141354824492737, -0.5149861798747437, -0.919630944822667, -0.5107574201703957, -0.5149861798747437], "meu": [1722313.8158882714, 1722313.8158882714, 1722313.8158882714, 1722313.8158882714, 1722313.8158882714, 1722313.8158882714, -2756263.244346314, -2756263.244346314, -2756263.244346314, -2756263.244346314, -2756263.244346314, -2756263.244346314, 42.582735401115436, 42.582735401115436, 42.582735401115436, 42.582735401115436, 42.582735401115436, 42.582735401115436, -208.35100000000003, -208.35100000000003, -208.35100000000003, -208.35100000000003, -208.35100000000003, -208.35100000000003, 54.9416526618876, 54.9416526618876, 54.9416526618876, 54.9416526618876, 54.9416526618876, 54.9416526618876], "data": [], "rewards": [1720096.198, 1719880.4000000004, 1720144.831, 1721904.789, 1721805.9, 1721124.7240000002, -2762682.0, -2757139.0, -2760578.0, -2756271.0, -2762639.0, -2759337.0, 42.568047739992636, 42.568616379992655, 42.550400139992654, 42.57603141999265, 42.567295939992654, 42.57524137999267, -210.14315, -210.1496, -210.05660000000003, -210.06165000000001, -210.02289999999996, -210.07550000000003, 54.91682510400895, 54.91576683600897, 54.916037424008955, 54.91807689600901, 54.91251782400902, 54.91293558000898], "reward_dev": [3629.430227900245, 4638.067631298639, 3456.399633037831, 4061.194926213708, 3889.7334789545766, 4143.032390336106, 10897.18890356591, 7628.394588640522, 8362.264406247867, 8191.512924973017, 5624.180295829784, 8073.401142021868, 0.04297205591383687, 0.048626242036626084, 0.059240791279367856, 0.061825989917428825, 0.060859569925045195, 0.05763599161359575, 0.4575617608585754, 0.3716017222780348, 0.40425031230662195, 0.4407520164446207, 0.3208071305317288, 0.4388993335606697, 0.016432209958107243, 0.010048408626874613, 0.014014439320333439, 0.016247196641219357, 0.013106456689488132, 0.012750960441568343]}}