{"before": {"ll": [-1.201922547325704, -0.9156032103620269, -1.2114059879831935, -1.2114059879831935, -1.201922547325704, -1.1874646948559295, -0.5636608334332681, -1.2744910928919606, -0.5654035184166007, -0.9673725658448774, -1.2745795029433362, -0.8667401795815244, -0.05141020844404567, -0.05141020844404567, -2.9987151966898624, -0.37537807626062203, -0.05141020844404567, -0.38395583824071705, -0.36485113522290946, -0.36485113522290946, -2.015453171847746, -0.36485113522290946, -2.015453171847746, -0.36485113522290946, -0.9206527737847028, -0.5936456896316424, -1.2196802496328856, -0.5936456896316424, -1.220840980823422, -0.5897341623625644], "meu": [1722313.8158882717, 1722313.8158882717, 1722313.8158882717, 1722313.8158882717, 1722313.8158882717, 1722313.8158882717, -2756263.244346315, -2756263.244346315, -2756263.244346315, -2756263.244346315, -2756263.244346315, -2756263.244346315, 42.582734183407034, 42.582734183407034, 42.582734183407034, 42.582734183407034, 42.582734183407034, 42.582734183407034, -208.351, -208.351, -208.351, -208.351, -208.351, -208.351, 54.9416526618876, 54.9416526618876, 54.9416526618876, 54.9416526618876, 54.9416526618876, 54.9416526618876], "data": ["Export_Textiles", "Export_Textiles", "Export_Textiles", "Export_Textiles", "Export_Textiles", "Export_Textiles", "Powerplant_Airpollution", "Powerplant_Airpollution", "Powerplant_Airpollution", "Powerplant_Airpollution", "Powerplant_Airpollution", "Powerplant_Airpollution", "HIV_Screening", "HIV_Screening", "HIV_Screening", "HIV_Screening", "HIV_Screening", "HIV_Screening", "Computer_Diagnostician", "Computer_Diagnostician", "Computer_Diagnostician", "Computer_Diagnostician", "Computer_Diagnostician", "Computer_Diagnostician", "Test_Strep", "Test_Strep", "Test_Strep", "Test_Strep", "Test_Strep", "Test_Strep"], "rewards": [], "reward_dev": []}, "after": {"ll": [-1.2019225473257031, -0.9156032103620272, -1.2114059879831929, -1.2114059879831929, -1.2019225473257031, -1.1874646948559293, -0.5636608334332681, -1.27449109289196, -0.5654035184166014, -0.9673725658448774, -1.2745795029433362, -0.866740179581525, -0.0514103094905385, -0.0514103094905385, -2.9987151966898615, -0.37537760673937814, -0.0514103094905385, -0.3839558757317502, -0.3648511352229096, -0.3648511352229096, -2.0154531718477453, -0.3648511352229096, -2.0154531718477453, -0.3648511352229096, -0.9206527737847032, -0.6222720187508859, -1.2196802496328851, -0.6222720187508859, -1.2208409808234215, -0.6183899585549478], "meu": [1722313.8158882714, 1722313.8158882714, 1722313.8158882714, 1722313.8158882714, 1722313.8158882714, 1722313.8158882714, -2756263.244346314, -2756263.244346314, -2756263.244346314, -2756263.244346314, -2756263.244346314, -2756263.244346314, 42.582735401115436, 42.582735401115436, 42.582735401115436, 42.582735401115436, 42.582735401115436, 42.582735401115436, -208.35100000000003, -208.35100000000003, -208.35100000000003, -208.35100000000003, -208.35100000000003, -208.35100000000003, 54.9416526618876, 54.9416526618876, 54.9416526618876, 54.9416526618876, 54.9416526618876, 54.9416526618876], "data": [], "rewards": [], "reward_dev": []}}